ano,total_vendas
2025,29341.639999999992
2024,72100.33999999998
